Version,Measure,Model_Metric,Position,Correlation,Metric_Type,Eval_Type
12,CF$_3$,F1,1,0.9778500735796514,CF,Standard
12,CF$_5$,F1,2,0.9251382968350288,CF,Standard
12,CF$_2$,F1,3,0.9193581980488064,CF,Standard
12,CF$_1$,F1,4,0.8976779700996993,CF,Standard
12,CF$_4$,F1,5,0.7770871377083637,CF,Standard
12,CF$_6$,F1,6,0.5522363599610839,CF,Standard
12,CF$_7$,F1,7,0.4041661413195199,CF,Standard
12,CF$_TEMP$,F1,8,-0.2972178070016702,CF,Standard
