Version,Measure,Model_Metric,Position,Correlation,Metric_Type,Eval_Type
14,CF$_6$,F1,1,0.8954227743620209,CF,Standard
14,CF$_4$,F1,2,0.8901237990990594,CF,Standard
14,CF$_TEMP$,F1,3,0.8714176343347626,CF,Standard
14,CF$_5$,F1,4,0.8705662191900877,CF,Standard
14,CF$_1$,F1,5,0.8570961032317912,CF,Standard
14,CF$_2$,F1,6,0.6997744938262179,CF,Standard
14,CF$_3$,F1,7,0.6969813279178638,CF,Standard
14,CF$_7$,F1,8,0.3130947532662828,CF,Standard
