Version,Measure,Model_Metric,Position,Correlation,Metric_Type,Eval_Type
16,CF$_2$,F1,1,0.9994572420546272,CF,Standard
16,CF$_3$,F1,2,0.9994572420546272,CF,Standard
16,CF$_TEMP$,F1,3,0.9994572420546272,CF,Standard
16,CF$_5$,F1,4,0.9994572420546272,CF,Standard
16,CF$_6$,F1,5,0.9994572420546272,CF,Standard
16,CF$_1$,F1,6,0.9994572420546272,CF,Standard
16,CF$_4$,F1,7,0.9994572420546272,CF,Standard
16,CF$_7$,F1,8,-8.139690582220638e-05,CF,Standard
