Version,Measure,Model_Metric,Position,Correlation,Metric_Type,Eval_Type
17,CF$_1$,F1,1,0.9462065618088912,CF,Standard
17,CF$_TEMP$,F1,2,0.936556166682718,CF,Standard
17,CF$_4$,F1,3,0.9349303158871928,CF,Standard
17,CF$_5$,F1,4,0.9299366617923206,CF,Standard
17,CF$_6$,F1,5,0.9137003095802448,CF,Standard
17,CF$_7$,F1,6,0.9090635183703368,CF,Standard
17,CF$_3$,F1,7,0.7373055758176841,CF,Standard
17,CF$_2$,F1,8,0.6800099628405161,CF,Standard
