Version,Measure,Model_Metric,Position,Correlation,Metric_Type,Eval_Type
19,CF$_3$,F1,1,0.9866570333241782,CF,Standard
19,CF$_1$,F1,2,0.9860983201840456,CF,Standard
19,CF$_TEMP$,F1,3,0.9824030651456264,CF,Standard
19,CF$_5$,F1,4,0.9820081920678224,CF,Standard
19,CF$_4$,F1,5,0.9743119554430216,CF,Standard
19,CF$_6$,F1,6,0.9688868777856948,CF,Standard
19,CF$_2$,F1,7,0.9544987044448128,CF,Standard
19,CF$_7$,F1,8,0.8165032246687842,CF,Standard
