Version,Measure,Model_Metric,Position,Correlation,Metric_Type,Eval_Type
20,CF$_1$,F1,1,0.9857271601949268,CF,Standard
20,CF$_TEMP$,F1,2,0.9825072366365604,CF,Standard
20,CF$_5$,F1,3,0.9812169043909534,CF,Standard
20,CF$_4$,F1,4,0.9727114121983128,CF,Standard
20,CF$_6$,F1,5,0.9655288272243135,CF,Standard
20,CF$_3$,F1,6,0.957938663989072,CF,Standard
20,CF$_7$,F1,7,0.8103098702117401,CF,Standard
20,CF$_2$,F1,8,0.786542543612319,CF,Standard
