Version,Measure,Model_Metric,Position,Correlation,Metric_Type,Eval_Type
21,CF$_4$,F1,1,0.9876190335009132,CF,Standard
21,CF$_6$,F1,2,0.987431496577592,CF,Standard
21,CF$_TEMP$,F1,3,0.9852712706026246,CF,Standard
21,CF$_5$,F1,4,0.9845202053704512,CF,Standard
21,CF$_1$,F1,5,0.9831429243448042,CF,Standard
21,CF$_3$,F1,6,0.8408014297199992,CF,Standard
21,CF$_2$,F1,7,0.834147471462864,CF,Standard
21,CF$_7$,F1,8,0.2283195465505418,CF,Standard
