Version,Measure,Model_Metric,Position,Correlation,Metric_Type,Eval_Type
23,CF$_6$,F1,1,0.7777269928127472,CF,Standard
23,CF$_5$,F1,2,0.757653045148303,CF,Standard
23,CF$_4$,F1,3,0.7559864149557431,CF,Standard
23,CF$_2$,F1,4,0.7545790919539701,CF,Standard
23,CF$_TEMP$,F1,5,0.7455451284314711,CF,Standard
23,CF$_1$,F1,6,0.7111439190185889,CF,Standard
23,CF$_3$,F1,7,0.7048690504094802,CF,Standard
23,CF$_7$,F1,8,-0.1218465688526464,CF,Standard
