Version,Measure,Model_Metric,Position,Correlation,Metric_Type,Eval_Type
24,CF$_5$,F1,1,0.9970846313911405,CF,Standard
24,CF$_TEMP$,F1,2,0.9970685695774784,CF,Standard
24,CF$_4$,F1,3,0.9964160669473668,CF,Standard
24,CF$_6$,F1,4,0.9960849123509384,CF,Standard
24,CF$_1$,F1,5,0.9956458860653264,CF,Standard
24,CF$_3$,F1,6,0.9865873098480432,CF,Standard
24,CF$_2$,F1,7,0.603903081045613,CF,Standard
24,CF$_7$,F1,8,0.5448701280866932,CF,Standard
